id,up_ime,geslo
1,hlidgerton0@squarespace.com,iO1\E#~5rq1T
2,scarl1@wikipedia.org,mF5*8nfP)
3,dbarlas2@ucsd.edu,nT2$YXH=.B
4,lranscome3@boston.com,oV6>.yfO%vK
5,gkayser4@hibu.com,lJ2&tkNCj~(
6,ystrewthers5@ucoz.ru,rZ0%W7%zXt@
7,bsmith6@ifeng.com,nU5)M8I#2
8,tmulder7@example.com,oS5#&XXXyY
9,jpitkeathly8@engadget.com,cR6~8y(i_+w@
10,glondors9@foxnews.com,mD8#s}vk!_KTKjn
11,idunna@businesswire.com,vC2(IqKSv
12,hdewburyb@economist.com,aY9).!uJ+BHCT
13,tskucec@ucsd.edu,zD8(!BXPEa
14,bgivend@yellowpages.com,nH4~VN=j
15,gbruinemanne@cnbc.com,"yP2#ij=,,"
16,cdigginf@spotify.com,wX7{9sK>`
17,alangfieldg@alexa.com,nF1(I17i*
18,echristieh@jalbum.net,"qK9',z()qj"
19,lwilborei@flavors.me,qL5@'%7%<CLIv
20,jlapleyj@hud.gov,rE0=N!G|QW
21,wbootesk@flavors.me,oF8?&JWw
22,mfleemanl@ocn.ne.jp,aB3`gxQS/vmQv|1l
23,sjenninsm@ed.gov,yK2$uM>j0I\
24,kardenn@icio.us,yA5>2/wI!N
25,rcaghyo@ifeng.com,jW2_bVFSeFX%M'
26,bmcgeaneyp@ebay.com,sB0?Ui+`e
27,jtillyq@live.com,oZ1|!~/3&2bQku
28,obecraftr@independent.co.uk,"eQ3,J$Tp&?&O"
29,nderuggeros@icq.com,uJ0~b4wOfGpXx
30,bkeest@nydailynews.com,eS2{LfJp
31,rrymellu@shinystat.com,qR1>qx(1D
32,fdriuttiv@nifty.com,sY2_$9\WWomAn1
33,dgeesonw@gov.uk,qE5#xP2JSbRE!
34,cmonanx@tiny.cc,oZ9>#MPp5
35,cbusfieldy@nationalgeographic.com,lL8~Uqr/P?r
36,lbeevensz@scribd.com,qK0_0Jb$p!k
37,iebbrell10@army.mil,"mU7(/,|,"
38,sohone11@weibo.com,fT1?iWKt9v$\a%u
39,jbullivent12@360.cn,uF7?n5XP4F
40,pdrohane13@theguardian.com,pN9~u|D76SKWZvYB
41,lgilffilland14@linkedin.com,"kM7+d""?%pCf"
42,cwyles15@goodreads.com,"lH6*t""cj"
43,ecluff16@unesco.org,qJ3_i<LaW
44,mpethick17@auda.org.au,sB9{OL%u/4>5/uH3
45,afranckton18@hhs.gov,fG9>TV9K
46,dcrocetti19@parallels.com,cX2&lV~x~
47,aceller1a@arstechnica.com,iD8|/Jr/quR
48,molcot1b@amazon.co.jp,lQ8{Dv(@d4V0@C
49,dmacclenan1c@chicagotribune.com,eF4=sO<IF&pz?
50,bskrzynski1d@addthis.com,bZ6|%$C@~b
51,lenriques1e@netvibes.com,vG9}P07v
52,rackred1f@mail.ru,nP7(`*sk
53,hmacginley1g@etsy.com,"qV7,vvtI'"
54,psignore1h@walmart.com,bE5!>p)TX*dqL<lM
55,acadwell1i@netvibes.com,"sJ3.(,o5\5w#{k"
56,bbeartup1j@ovh.net,lA2`uVYmCc
57,cetchell1k@bloglovin.com,"mS7{,Dgxe|K4FH"
58,jbert1l@pcworld.com,lJ4`L~heALE*dp_j
59,astrass1m@wordpress.com,fX0=b*E{`<wUGBA8
60,owooding1n@livejournal.com,pC6=G<BT'~Jp{
61,fspurier1o@ow.ly,oT7%IWTV6vT
62,cgurling1p@umich.edu,aQ1'MXhDNJMT5G2i
63,cranscome1q@ftc.gov,gY9?*Aaf
64,eausello1r@gov.uk,kI4`0P(%Q
65,havrahamov1s@topsy.com,kZ5/y~zf'HQE*
66,kroyds1t@blogtalkradio.com,zT1(x_vA
67,tposner1u@163.com,"aZ2,RX)eYLkS4wyA"
68,wmitchel1v@amazonaws.com,"jP3""W2T1Cw"
69,ckibel1w@sciencedaily.com,"rB6~2YOy,n{,euj"
70,wsearles1x@dailymotion.com,wV6#n@4J)
71,hpiniur1y@lycos.com,iC6=C!ZKAYJVZ/'
72,rmaddie1z@uol.com.br,pF1)O5Osro
73,fbelleny20@cbslocal.com,pF3*2h#s
74,gstealfox21@godaddy.com,tS1%xKb3%rw}1Q}/
75,gstile22@adobe.com,tN0_S?7Ye
76,agarralts23@desdev.cn,dX3<6~>8U8w!
77,lmulvey24@skyrock.com,"bQ7,BgAhVO"
78,fmcquaide25@engadget.com,"yY1$?{gpLN,}G"
79,bgoodman26@xinhuanet.com,mP1#IVNtl
80,drigney27@virginia.edu,hU5#<NW0Xs>JMi?!
81,cpreskett28@dion.ne.jp,iB4>.vDZ**
82,oiffe29@slideshare.net,aZ8>D}p~
83,kaxton2a@godaddy.com,"xT5"">`O#ukbgdxJ"
84,ggrewcock2b@ox.ac.uk,iR1`KKD2XrBH+U?E
85,gvery2c@howstuffworks.com,iU7/@h@t$gx%
86,ddavidesco2d@npr.org,"lX0,TQq3w}gw(=Fo"
87,zrollett2e@soundcloud.com,dV9&1LT6.
88,pdykins2f@apple.com,tA9%5&A6
89,rsteed2g@zimbio.com,qU8{*XoQxaRN
90,dmcquaide2h@sun.com,tQ9$x(pLwnUwH
91,hberntsson2i@discuz.net,rM1)6_+Q@Eg#
92,ghastwall2j@exblog.jp,"jE5,iUX!C)""7Y~3n"
93,erivaland2k@photobucket.com,tC6'LYW\mw{XtW
94,lruddy2l@chron.com,"iZ6)/""AW!w~t*j"
95,mdjorvic2m@dell.com,vJ4<sa&kuEB
96,ofreke2n@hostgator.com,"hJ0\DjjSU>_""U"
97,astearley2o@loc.gov,"sF6&N,NZ_"
98,tasp2p@quantcast.com,gT0?YF&w~
99,ebukowski2q@dailymotion.com,"dT9`,jN_"
100,agonthier2r@123-reg.co.uk,zT5_6(Q2J*&
101,admin,21232f297a57a5a743894a0e4a801fc3
